feature,importance,importance_pct
rmssd,0.19582530337997792,19.58
hr_std,0.15584545583094694,15.58
mean_rr,0.13321450428169615,13.32
hr_mean,0.12391441594555033,12.39
sdnn,0.11870257890529745,11.87
rr_skewness,0.0961476930467513,9.61
pnn50,0.09313942742489109,9.31
rr_kurtosis,0.0832106211848889,8.32
