feature,ks_statistic,p_value,physionet_median,apple_watch_median,direction
rmssd,0.4241,1.658701766807735e-260,65.5416,35.5485,AW lower
sdnn,0.356,1.0095677285102656e-181,62.853,41.8218,AW lower
mean_rr,0.39,4.195084922348185e-219,830.7619,702.6285,AW lower
pnn50,0.21,1.6964787288791873e-62,0.1562,0.1333,AW lower
hr_mean,0.4164,7.449300203329716e-251,72.2229,86.7225,AW higher
hr_std,0.3588,1.2444048937551394e-184,6.0907,9.5822,AW higher
rr_skewness,0.297,1.337095199280422e-125,-0.2051,0.4482,AW higher
rr_kurtosis,0.1925,1.6319865645268655e-52,0.4051,-0.2515,AW lower
